Nom des joueurs;url photos
Adrien Moerman;https://www.basketstats.fr/images/faces/1516.png
Alpha Diallo;https://www.basketstats.fr/images/faces/13772.png
Yakuba Ouattara;https://www.basketstats.fr/images/faces/4067.png
Chima Moneke;https://asmonaco.basketball/upload/resize_cache/iblock/2c6/350_607_2/2c61c30e27e46dc2be1bcabe31ff7b63.png
Donatas Motiejunas;https://asmonaco.basketball/upload/resize_cache/iblock/44b/350_607_2/44b38bc3f113ef73be54c5a0b2e1d7c5.png
Donta Hall;https://asmonaco.basketball/upload/resize_cache/iblock/21c/350_607_2/21ce92ee1c29200d4faca852c2aa1f87.png
Elie Okobo;https://asmonaco.basketball/upload/resize_cache/iblock/808/350_607_2/80838b3b554dab6b31c94b563fe13ee4.png
Jaron Blossomgame;https://asmonaco.basketball/upload/resize_cache/iblock/57a/350_607_2/57acf7d475a531e4861959c05db3e109.png
John Brown;https://asmonaco.basketball/upload/resize_cache/iblock/e34/350_607_2/e342277e33b33a4ca3f0f0f7156f1d96.png
Jordan Loyd;https://asmonaco.basketball/upload/resize_cache/iblock/273/350_607_2/273cc42a09fcca953f2abd68b4bcffd2.png
Matthew Strazel;https://asmonaco.basketball/upload/resize_cache/iblock/e50/350_607_2/e50879d34e2276c85d84e7f18e9c29a5.png
Mike James;https://asmonaco.basketball/upload/resize_cache/iblock/e85/350_607_2/e857f0666c71d5145de37f9972042bba.png
Yoan Makoundou;https://asmonaco.basketball/upload/iblock/b97/b97af6af543baf015f6afd3cf23608b8.png
